"file","rpc"
"apps\erp-api\scripts\run-stock-bajo.ts","pgrst_reload_schema"
"apps\erp-api\tests\e2e\ventas-e2e.test.ts","crear_pedido_completo"
"apps\erp-api\tests\e2e\ventas-e2e.test.ts","get_table_indexes"
"apps\erp-api\tests\e2e\inventario-e2e.test.ts","registrar_entrada_stock_atomico"
"apps\erp-api\tests\e2e\inventario-e2e.test.ts","reservar_stock_atomico"
"apps\erp-api\tests\e2e\inventario-e2e.test.ts","reservar_stock_atomico"
"apps\erp-api\tests\e2e\inventario-e2e.test.ts","registrar_entrada_stock_atomico"
"apps\erp-api\tests\e2e\inventario-e2e.test.ts","set_tenant_context"
"apps\erp-api\tests\e2e\inventario-e2e.test.ts","reservar_stock_atomico"
"apps\erp-api\tests\e2e\inventario-e2e.test.ts","registrar_entrada_stock_atomico"
"apps\erp-api\tests\e2e\helpers\supabase-test-client.ts","set_config"
"apps\erp-api\src\shared\supabase\supabase.service.ts","app.set_tenant_context"
"apps\erp-api\src\shared\outbox\outbox.service.ts","get_pending_outbox_events"
"apps\erp-api\src\shared\outbox\outbox.service.ts","mark_outbox_event_processing"
"apps\erp-api\src\shared\outbox\outbox.service.ts","mark_outbox_event_completed"
"apps\erp-api\src\shared\outbox\outbox.service.ts","mark_outbox_event_failed"
"apps\erp-api\src\main.ts","pgrst_reload_schema"
"apps\erp-api\src\shared\integration\financial-integration.service.ts","get_resumen_financiero_mensual"
"apps\erp-api\src\shared\integration\financial-integration.service.ts","get_kpis_financieros"
"apps\erp-api\src\shared\integration\financial-integration.service.ts","get_analisis_crecimiento"
"apps\erp-api\src\shared\jobs\background-jobs.service.ts","acquire_job_lock"
"apps\erp-api\src\shared\jobs\background-jobs.service.ts","release_job_lock"
"apps\erp-api\src\modules\security\security-dashboard.service.ts","generate_rls_security_report"
"apps\erp-api\src\modules\tenants\tenant-management.service.ts","app.set_tenant_context"
"apps\erp-api\src\modules\inventario\logistica\logistica.service.ts","registrar_movimiento_almacen"
"apps\erp-api\src\modules\inventario\logistica\logistica.service.ts","registrar_movimiento_almacen"
"apps\erp-api\src\modules\inventario\logistica\logistica.service.ts","descontar_stock_y_liberar_reserva"
"apps\erp-api\src\modules\inventario\inventario.service.ts","registrar_entrada_stock_atomico"
"apps\erp-api\src\modules\inventario\inventario.service.ts","registrar_movimiento_almacen"
"apps\erp-api\src\modules\inventario\inventario.service.ts","rma_retorno_inventario"
"apps\erp-api\src\modules\pos\services\pos-audit.service.ts","registrar_evento_pos"
"apps\erp-api\src\modules\pos\services\pos-audit.service.ts","detectar_patrones_sospechosos_pos"
"apps\erp-api\src\modules\pos\pos.service.ts","acquire_pos_lock"
"apps\erp-api\src\modules\pos\pos.service.ts","acquire_pos_lock"
"apps\erp-api\src\modules\pos\pos.service.ts","pos_registrar_venta_tx"
"apps\erp-api\src\modules\pos\pos.service.ts","pos_registrar_venta_tx"
"apps\erp-api\src\modules\pos\pos.service.ts","registrar_movimiento_caja"
"apps\erp-api\src\modules\pos\pos.service.ts","release_pos_lock"
"apps\erp-api\src\modules\pos\pos.service.ts","release_pos_lock"
"apps\erp-api\src\modules\documentos.service.ts","obtener_siguiente_numero_documento"
"apps\erp-api\src\modules\documentos.service.ts","obtener_siguiente_numero_serie"
"apps\erp-api\src\modules\finanzas\tesoreria\tesoreria.service.ts","procesar_pago_lote"
"apps\erp-api\src\modules\demo\demo.service.ts","create_demo_tenant"
"apps\erp-api\src\modules\contabilidad.controller.ts","refresh_materialized_view"
"apps\erp-api\src\modules\cpe\cpe.service.ts","crear_documento_desde_cpe"
"apps\erp-api\src\modules\cpe\comunicacion-baja.service.ts","generar_numero_comunicacion_baja"
"apps\erp-api\src\modules\cpe\comunicacion-baja.service.ts","generar_numero_resumen_diario"
"apps\erp-api\src\modules\finanzas\cxc\cxc.service.ts","crear_documento_desde_cpe"
"apps\erp-api\src\modules\contabilidad\services\ple-export.service.ts","calcular_balance_comprobacion"
"apps\erp-api\src\modules\contabilidad\services\periodos.service.ts","calcular_resultado_ejercicio"
"apps\erp-api\src\modules\contabilidad\services\estados-financieros.service.ts","refrescar_estados_financieros"
"apps\erp-api\src\modules\contabilidad\services\asientos.service.ts","get_asientos_por_tipo"
"apps\erp-api\src\modules\ventas\pedidos\pedidos.service.ts","crear_pedido_completo"
"apps\erp-api\src\modules\ventas\pedidos\pedidos.service.ts","reservar_stock_atomico"
"apps\erp-api\src\modules\ventas\pedidos\pedidos.service.ts","decrementar_stock_reservado"
"apps\erp-api\src\modules\ventas\pedidos\pedidos.service.ts","decrementar_stock_reservado"
"apps\erp-api\src\modules\ventas\pedidos\pedidos.service.ts","descontar_stock_y_liberar_reserva"
"apps\erp-api\src\modules\ventas\pedidos\pedidos.service.ts","obtener_siguiente_numero_documento"
"apps\erp-api\src\modules\cajas\cajas.service.ts","obtener_metricas_cajero"
"apps\erp-api\src\modules\cajas\services\configuracion-caja.service.ts","obtener_configuracion_efectiva_caja"
"apps\erp-api\src\modules\cajas\services\cash-movements.service.ts","registrar_movimiento_caja"
"apps\erp-api\src\modules\cajas\services\cash-movements.service.ts","validar_integridad_sesion"
"apps\web\app\api\help\sugerencias\route.ts","obtener_sugerencias_ayuda"
"apps\web\app\api\help\search\route.ts","buscar_ayuda"
"apps\erp-api\src\modules\ventas\cotizaciones\cotizaciones.service.ts","reservar_stock_cotizacion"
"apps\erp-api\src\modules\ventas\cotizaciones\cotizaciones.service.ts","convertir_cotizacion_a_pedido"
"apps\erp-api\src\modules\ventas\cotizaciones\cotizaciones.service.ts","liberar_stock_cotizacion"
