"table_name","first_migration","appearances"
"activos_fijos","000__bootstrap_core_tables.sql","1"
"almacen_ubicaciones","016_p3_rma_multialmacen_dashboards.sql","1"
"almacenes","016_p3_rma_multialmacen_dashboards.sql","2"
"app.","132__adaptive_rate_limiting.sql","1"
"app.rate_limit_anomalies","132__adaptive_rate_limiting.sql","1"
"app.rate_limit_baselines","132__adaptive_rate_limiting.sql","1"
"app.rate_limit_blocks","132__adaptive_rate_limiting.sql","1"
"app.rate_limit_configs","132__adaptive_rate_limiting.sql","1"
"app.request_logs","132__adaptive_rate_limiting.sql","1"
"app.trusted_ips","132__adaptive_rate_limiting.sql","1"
"asientos_contables","000__bootstrap_core_tables.sql","1"
"asignacion_costos","000__bootstrap_core_tables.sql","1"
"asistencia","000__bootstrap_core_tables.sql","1"
"audit_log","000__bootstrap_core_tables.sql","1"
"audit_log_archive","063_audit_log_rotation.sql","1"
"auditoria","000__bootstrap_core_tables.sql","1"
"auth_login_attempts","054_add_login_attempts.sql","1"
"autorizaciones_caja","122_autorizaciones_caja.sql","1"
"beneficios","000__bootstrap_core_tables.sql","1"
"caja_audit_log","119__cash_operations_complete.sql","1"
"cajas","000__bootstrap_core_tables.sql","2"
"calendario_empresa","000__bootstrap_core_tables.sql","1"
"cambios_turno","119__cash_operations_complete.sql","1"
"candidatos","000__bootstrap_core_tables.sql","1"
"capacitaciones","000__bootstrap_core_tables.sql","1"
"centros_costo","000__bootstrap_core_tables.sql","1"
"clientes","000__bootstrap_core_tables.sql","1"
"cobranzas","000__bootstrap_core_tables.sql","1"
"comunicaciones_baja","082__comunicacion_baja_resumen_diario.sql","1"
"conceptos_planilla","000__bootstrap_core_tables.sql","1"
"conciliaciones_bancarias","022__create_conciliaciones_bancarias.sql","1"
"config_alertas_vencimiento","128__lotes_series_fefo.sql","1"
"configuracion_caja","119__cash_operations_complete.sql","2"
"configuracion_fiscal","000__bootstrap_core_tables.sql","1"
"configuracion_retenciones","000__bootstrap_core_tables.sql","1"
"contratos","000__bootstrap_core_tables.sql","1"
"cotizacion_compra_detalles","035_compras_completo.sql","1"
"cotizacion_detalles","000__bootstrap_core_tables.sql","1"
"cotizaciones","000__bootstrap_core_tables.sql","1"
"cotizaciones_compra","035_compras_completo.sql","1"
"cpe","0525__restore_cpe_table.sql","1"
"cuentas_bancarias","020_finanzas_completo.sql","1"
"cuentas_por_cobrar","010_aprobaciones_cxc.sql","1"
"cuentas_por_pagar","000__bootstrap_core_tables.sql","1"
"cxc_pagos","011_cxc_retenciones_anticipos.sql","1"
"demo_conversiones_pendientes","145__demo_conversiones_pendientes.sql","1"
"departamentos","000__bootstrap_core_tables.sql","1"
"depreciaciones","000__bootstrap_core_tables.sql","1"
"detalle_asientos","000__bootstrap_core_tables.sql","1"
"detalle_comunicacion_baja","082__comunicacion_baja_resumen_diario.sql","1"
"detalle_resumen_diario","082__comunicacion_baja_resumen_diario.sql","1"
"detalle_retenciones_categoria","000__bootstrap_core_tables.sql","1"
"detalle_ventas_pos","000__bootstrap_core_tables.sql","1"
"devolucion_items","035_compras_completo.sql","1"
"devoluciones_proveedor","035_compras_completo.sql","1"
"documento_archivos","000__bootstrap_core_tables.sql","1"
"documento_auditoria","000__bootstrap_core_tables.sql","1"
"documento_detalles","000__bootstrap_core_tables.sql","1"
"documento_series","000__bootstrap_core_tables.sql","1"
"documentos","000__bootstrap_core_tables.sql","1"
"egresos","000__bootstrap_core_tables.sql","1"
"empleado_beneficios","000__bootstrap_core_tables.sql","1"
"empleado_capacitaciones","000__bootstrap_core_tables.sql","1"
"empleado_horarios","000__bootstrap_core_tables.sql","1"
"empleado_planilla","000__bootstrap_core_tables.sql","1"
"empleado_planilla_conceptos","000__bootstrap_core_tables.sql","1"
"empleados","000__bootstrap_core_tables.sql","1"
"empresa_config","000__bootstrap_core_tables.sql","1"
"evaluaciones","000__bootstrap_core_tables.sql","1"
"event_processing_log","000__bootstrap_core_tables.sql","1"
"eventos_pos","127_eventos_pos_auditoria.sql","1"
"expediente_documentos","000__bootstrap_core_tables.sql","1"
"gastos","000__bootstrap_core_tables.sql","1"
"gestiones_cobranza","000__bootstrap_core_tables.sql","1"
"gre","000__bootstrap_core_tables.sql","1"
"gre_guias","000__bootstrap_core_tables.sql","1"
"historial_pagos_planilla","000__bootstrap_core_tables.sql","1"
"horarios_trabajo","000__bootstrap_core_tables.sql","1"
"if","000__bootstrap_core_tables.sql","2"
"integration_logs","008_crear_tabla_integration_logs.sql","1"
"inventarios_permanentes","000__bootstrap_core_tables.sql","1"
"knowledge_base","148__knowledge_base_help_system.sql","1"
"libro_retenciones","000__bootstrap_core_tables.sql","1"
"libros_electronicos_sunat","000__bootstrap_core_tables.sql","1"
"liquidaciones","000__bootstrap_core_tables.sql","1"
"logistica_eventos","010_aprobaciones_cxc.sql","1"
"lotes_productos","128__lotes_series_fefo.sql","1"
"metodos_pago","000__bootstrap_core_tables.sql","1"
"movimientos_bancarios","020_finanzas_completo.sql","1"
"movimientos_caja","119__cash_operations_complete.sql","1"
"movimientos_consignacion","000__bootstrap_core_tables.sql","1"
"movimientos_inventario","004_movimientos_inventario_ventas.sql","1"
"movimientos_lotes","128__lotes_series_fefo.sql","1"
"notificacion_tipo_roles","151__notificaciones_por_rol.sql","1"
"notificaciones","000__bootstrap_core_tables.sql","2"
"oc_aprobaciones","035_compras_completo.sql","1"
"orden_compra_detalles","000__bootstrap_core_tables.sql","1"
"ordenes_compra","000__bootstrap_core_tables.sql","1"
"outbox_events","000__bootstrap_core_tables.sql","1"
"pagos_empleados","000__bootstrap_core_tables.sql","1"
"pagos_facturas","000__bootstrap_core_tables.sql","1"
"pagos_lote","037_add_idempotency_pago_lote.sql","1"
"paises","000__bootstrap_core_tables.sql","1"
"pedido_aprobaciones","010_aprobaciones_cxc.sql","1"
"pedido_backorders","012_parciales_backorder.sql","1"
"pedido_despachos","012_parciales_backorder.sql","1"
"pedido_gres","014_pedido_gres.sql","1"
"pedidos_venta","001_crear_tablas_ventas.sql","1"
"pedidos_venta_detalle","001_crear_tablas_ventas.sql","1"
"periodos_contables","000__bootstrap_core_tables.sql","1"
"permisos","000__bootstrap_core_tables.sql","1"
"pii_encryption_log","131__pii_encryption_support.sql","1"
"plan_cuentas","000__bootstrap_core_tables.sql","1"
"planillas","000__bootstrap_core_tables.sql","1"
"plantillas_asientos","047_create_plantillas_asientos_table.sql","1"
"plantillas_asientos_detalle","047_create_plantillas_asientos_table.sql","1"
"plantillas_asientos_historial","047_create_plantillas_asientos_table.sql","1"
"plantillas_asientos_ventas","086__flujo_ventas_completo.sql","2"
"pos_numeracion","111__pos_tx_outbox.sql","1"
"presupuestos","046_create_presupuestos_table.sql","1"
"producto_existencias","016_p3_rma_multialmacen_dashboards.sql","1"
"producto_precios_sucursal","109__productos_servicios_cajas.sql","1"
"producto_stock_sucursal","109__productos_servicios_cajas.sql","1"
"productos","000__bootstrap_core_tables.sql","1"
"proveedores","000__bootstrap_core_tables.sql","1"
"public.cortes_caja","158__cortes_caja.sql","1"
"public.gre_detalles","155__add_gre_sire_detail_tables.sql","1"
"public.pedido_gres","155__add_gre_sire_detail_tables.sql","1"
"public.sire_registros_detalle","155__add_gre_sire_detail_tables.sql","1"
"recepcion_items","035_compras_completo.sql","1"
"recepciones","035_compras_completo.sql","1"
"registro_consignaciones","000__bootstrap_core_tables.sql","1"
"resumenes_diarios","082__comunicacion_baja_resumen_diario.sql","1"
"retiros_caja","119__cash_operations_complete.sql","1"
"rls_alert_config","034_configure_rls_alerts.sql","1"
"rls_alert_history","034_configure_rls_alerts.sql","1"
"rls_audit_log","033_audit_rls_violations.sql","1"
"rma_eventos","016_p3_rma_multialmacen_dashboards.sql","1"
"rma_items","016_p3_rma_multialmacen_dashboards.sql","1"
"rma_solicitudes","016_p3_rma_multialmacen_dashboards.sql","1"
"rol_permisos","000__bootstrap_core_tables.sql","1"
"roles","000__bootstrap_core_tables.sql","1"
"saldos_iniciales_cuentas","000__bootstrap_core_tables.sql","1"
"secret_rotation_state","130__secret_rotation_state.sql","1"
"sesiones_caja","109__productos_servicios_cajas.sql","1"
"sire_files","000__bootstrap_core_tables.sql","1"
"solicitudes","000__bootstrap_core_tables.sql","1"
"stock_movimientos","000__bootstrap_core_tables.sql","1"
"sucursales","109__productos_servicios_cajas.sql","1"
"system_alerts","130__secret_rotation_state.sql","1"
"tenants","000__bootstrap_core_tables.sql","1"
"to","037_add_idempotency_pago_lote.sql","1"
"user_roles","000__bootstrap_core_tables.sql","1"
"users","000__bootstrap_core_tables.sql","1"
"usuario_configuracion","000__bootstrap_core_tables.sql","1"
"usuarios_sistema","000__bootstrap_core_tables.sql","1"
"usuarios_sistemas","000__bootstrap_core_tables.sql","1"
"vacantes","000__bootstrap_core_tables.sql","1"
"validaciones_sunat","000__bootstrap_core_tables.sql","1"
"venta_detalles","000__bootstrap_core_tables.sql","1"
"ventas","000__bootstrap_core_tables.sql","1"
"ventas_pos","000__bootstrap_core_tables.sql","1"
"ventas_pos_pagos","169__pos_pagos_mixtos.sql","1"
"wizard_progress","000__bootstrap_core_tables.sql","1"
