"table","first_migration"
"activos_fijos","000__bootstrap_core_tables.sql"
"almacen_ubicaciones","016_p3_rma_multialmacen_dashboards.sql"
"almacenes","016_p3_rma_multialmacen_dashboards.sql"
"asientos_contables","000__bootstrap_core_tables.sql"
"asignacion_costos","000__bootstrap_core_tables.sql"
"asistencia","000__bootstrap_core_tables.sql"
"audit_log","000__bootstrap_core_tables.sql"
"audit_log_archive","063_audit_log_rotation.sql"
"auditoria","000__bootstrap_core_tables.sql"
"auth_login_attempts","054_add_login_attempts.sql"
"autorizaciones_caja","122_autorizaciones_caja.sql"
"beneficios","000__bootstrap_core_tables.sql"
"caja_audit_log","119__cash_operations_complete.sql"
"cajas","000__bootstrap_core_tables.sql"
"calendario_empresa","000__bootstrap_core_tables.sql"
"cambios_turno","119__cash_operations_complete.sql"
"candidatos","000__bootstrap_core_tables.sql"
"capacitaciones","000__bootstrap_core_tables.sql"
"centros_costo","000__bootstrap_core_tables.sql"
"clientes","000__bootstrap_core_tables.sql"
"cobranzas","000__bootstrap_core_tables.sql"
"comunicaciones_baja","082__comunicacion_baja_resumen_diario.sql"
"conceptos_planilla","000__bootstrap_core_tables.sql"
"conciliaciones_bancarias","022__create_conciliaciones_bancarias.sql"
"config_alertas_vencimiento","128__lotes_series_fefo.sql"
"configuracion_caja","119__cash_operations_complete.sql"
"configuracion_fiscal","000__bootstrap_core_tables.sql"
"configuracion_retenciones","000__bootstrap_core_tables.sql"
"contratos","000__bootstrap_core_tables.sql"
"cortes_caja","158__cortes_caja.sql"
"cotizacion_compra_detalles","035_compras_completo.sql"
"cotizacion_detalles","000__bootstrap_core_tables.sql"
"cotizaciones","000__bootstrap_core_tables.sql"
"cotizaciones_compra","035_compras_completo.sql"
"cpe","0525__restore_cpe_table.sql"
"cuentas_bancarias","020_finanzas_completo.sql"
"cuentas_por_cobrar","010_aprobaciones_cxc.sql"
"cuentas_por_pagar","000__bootstrap_core_tables.sql"
"cxc_pagos","011_cxc_retenciones_anticipos.sql"
"demo_conversiones_pendientes","145__demo_conversiones_pendientes.sql"
"departamentos","000__bootstrap_core_tables.sql"
"depreciaciones","000__bootstrap_core_tables.sql"
"detalle_asientos","000__bootstrap_core_tables.sql"
"detalle_comunicacion_baja","082__comunicacion_baja_resumen_diario.sql"
"detalle_resumen_diario","082__comunicacion_baja_resumen_diario.sql"
"detalle_retenciones_categoria","000__bootstrap_core_tables.sql"
"detalle_ventas_pos","000__bootstrap_core_tables.sql"
"devolucion_items","035_compras_completo.sql"
"devoluciones_proveedor","035_compras_completo.sql"
"documento_archivos","000__bootstrap_core_tables.sql"
"documento_auditoria","000__bootstrap_core_tables.sql"
"documento_detalles","000__bootstrap_core_tables.sql"
"documento_series","000__bootstrap_core_tables.sql"
"documentos","000__bootstrap_core_tables.sql"
"egresos","000__bootstrap_core_tables.sql"
"empleado_beneficios","000__bootstrap_core_tables.sql"
"empleado_capacitaciones","000__bootstrap_core_tables.sql"
"empleado_horarios","000__bootstrap_core_tables.sql"
"empleado_planilla","000__bootstrap_core_tables.sql"
"empleado_planilla_conceptos","000__bootstrap_core_tables.sql"
"empleados","000__bootstrap_core_tables.sql"
"empresa_config","000__bootstrap_core_tables.sql"
"evaluaciones","000__bootstrap_core_tables.sql"
"event_processing_log","000__bootstrap_core_tables.sql"
"eventos_pos","127_eventos_pos_auditoria.sql"
"expediente_documentos","000__bootstrap_core_tables.sql"
"gastos","000__bootstrap_core_tables.sql"
"gestiones_cobranza","000__bootstrap_core_tables.sql"
"gre","000__bootstrap_core_tables.sql"
"gre_detalles","155__add_gre_sire_detail_tables.sql"
"gre_guias","000__bootstrap_core_tables.sql"
"historial_pagos_planilla","000__bootstrap_core_tables.sql"
"horarios_trabajo","000__bootstrap_core_tables.sql"
"integration_logs","008_crear_tabla_integration_logs.sql"
"inventarios_permanentes","000__bootstrap_core_tables.sql"
"knowledge_base","148__knowledge_base_help_system.sql"
"libro_retenciones","000__bootstrap_core_tables.sql"
"libros_electronicos_sunat","000__bootstrap_core_tables.sql"
"liquidaciones","000__bootstrap_core_tables.sql"
"logistica_eventos","010_aprobaciones_cxc.sql"
"lotes_productos","128__lotes_series_fefo.sql"
"metodos_pago","000__bootstrap_core_tables.sql"
"movimientos_bancarios","020_finanzas_completo.sql"
"movimientos_caja","119__cash_operations_complete.sql"
"movimientos_consignacion","000__bootstrap_core_tables.sql"
"movimientos_inventario","004_movimientos_inventario_ventas.sql"
"movimientos_lotes","128__lotes_series_fefo.sql"
"notificacion_tipo_roles","151__notificaciones_por_rol.sql"
"notificaciones","000__bootstrap_core_tables.sql"
"oc_aprobaciones","035_compras_completo.sql"
"orden_compra_detalles","000__bootstrap_core_tables.sql"
"ordenes_compra","000__bootstrap_core_tables.sql"
"outbox_events","000__bootstrap_core_tables.sql"
"pagos_empleados","000__bootstrap_core_tables.sql"
"pagos_facturas","000__bootstrap_core_tables.sql"
"pagos_lote","037_add_idempotency_pago_lote.sql"
"paises","000__bootstrap_core_tables.sql"
"pedido_aprobaciones","010_aprobaciones_cxc.sql"
"pedido_backorders","012_parciales_backorder.sql"
"pedido_despachos","012_parciales_backorder.sql"
"pedido_gres","014_pedido_gres.sql"
"pedidos_venta","001_crear_tablas_ventas.sql"
"pedidos_venta_detalle","001_crear_tablas_ventas.sql"
"periodos_contables","000__bootstrap_core_tables.sql"
"permisos","000__bootstrap_core_tables.sql"
"pii_encryption_log","131__pii_encryption_support.sql"
"plan_cuentas","000__bootstrap_core_tables.sql"
"planillas","000__bootstrap_core_tables.sql"
"plantillas_asientos","047_create_plantillas_asientos_table.sql"
"plantillas_asientos_detalle","047_create_plantillas_asientos_table.sql"
"plantillas_asientos_historial","047_create_plantillas_asientos_table.sql"
"plantillas_asientos_ventas","086__flujo_ventas_completo.sql"
"pos_numeracion","111__pos_tx_outbox.sql"
"presupuestos","046_create_presupuestos_table.sql"
"producto_existencias","016_p3_rma_multialmacen_dashboards.sql"
"producto_precios_sucursal","109__productos_servicios_cajas.sql"
"producto_stock_sucursal","109__productos_servicios_cajas.sql"
"productos","000__bootstrap_core_tables.sql"
"proveedores","000__bootstrap_core_tables.sql"
"rate_limit_anomalies","132__adaptive_rate_limiting.sql"
"rate_limit_baselines","132__adaptive_rate_limiting.sql"
"rate_limit_blocks","132__adaptive_rate_limiting.sql"
"rate_limit_configs","132__adaptive_rate_limiting.sql"
"recepcion_items","035_compras_completo.sql"
"recepciones","035_compras_completo.sql"
"registro_consignaciones","000__bootstrap_core_tables.sql"
"request_logs","132__adaptive_rate_limiting.sql"
"resumenes_diarios","082__comunicacion_baja_resumen_diario.sql"
"retiros_caja","119__cash_operations_complete.sql"
"rls_alert_config","034_configure_rls_alerts.sql"
"rls_alert_history","034_configure_rls_alerts.sql"
"rls_audit_log","033_audit_rls_violations.sql"
"rma_eventos","016_p3_rma_multialmacen_dashboards.sql"
"rma_items","016_p3_rma_multialmacen_dashboards.sql"
"rma_solicitudes","016_p3_rma_multialmacen_dashboards.sql"
"rol_permisos","000__bootstrap_core_tables.sql"
"roles","000__bootstrap_core_tables.sql"
"saldos_iniciales_cuentas","000__bootstrap_core_tables.sql"
"secret_rotation_state","130__secret_rotation_state.sql"
"sesiones_caja","109__productos_servicios_cajas.sql"
"sire_files","000__bootstrap_core_tables.sql"
"sire_registros_detalle","155__add_gre_sire_detail_tables.sql"
"solicitudes","000__bootstrap_core_tables.sql"
"stock_movimientos","000__bootstrap_core_tables.sql"
"sucursales","109__productos_servicios_cajas.sql"
"system_alerts","130__secret_rotation_state.sql"
"tenants","000__bootstrap_core_tables.sql"
"trusted_ips","132__adaptive_rate_limiting.sql"
"user_roles","000__bootstrap_core_tables.sql"
"users","000__bootstrap_core_tables.sql"
"usuario_configuracion","000__bootstrap_core_tables.sql"
"usuarios_sistema","000__bootstrap_core_tables.sql"
"usuarios_sistemas","000__bootstrap_core_tables.sql"
"vacantes","000__bootstrap_core_tables.sql"
"validaciones_sunat","000__bootstrap_core_tables.sql"
"venta_detalles","000__bootstrap_core_tables.sql"
"ventas","000__bootstrap_core_tables.sql"
"ventas_pos","000__bootstrap_core_tables.sql"
"ventas_pos_pagos","169__pos_pagos_mixtos.sql"
"wizard_progress","000__bootstrap_core_tables.sql"
