"table","cols","count"
"clientes","activo,apellidos,cliente_id,created_at,detraccion_tasa,direccion,documento_numero,documento_tipo,email,id,limite_credito,nombre,nombres,numero_documento,pais,percepcion_tasa,permite_morosidad,razon_social,retencion_tasa,ruc,sujeto_detraccion,sujeto_percepcion,sujeto_retencion,tenant_id,tipo,tipo_documento,updated_at","27"
"cotizaciones","aprobado_por,cliente_id,convertido_por,created_at,documento_generado_id,estado,fecha,fecha_aprobacion,fecha_conversion,fecha_cotizacion,fecha_rechazo,fecha_vencimiento,id,motivo_rechazo,numero,observaciones_aprobacion,probabilidad,rechazado_por,tenant_id,tipo_documento,total,updated_at,vendedor","23"
"cotizacion_detalles","cotizacion_id,created_at,id,tenant_id","4"
"pedidos_venta","aprobado_en,aprobado_por,cliente_id,created_at,estado,estado_credito,factura_id,fecha,fecha_pedido,gre_id,id,igv,moneda,motivo_requiere_aprobacion,notas,numero,observaciones,pedido_id,requiere_aprobacion,subtotal,tenant_id,tipo_documento,total,tracking_actualizado_en,tracking_estado,tracking_notas,updated_at","27"
"pedidos_venta_detalle","cantidad,cantidad_despachada,cantidad_facturada,created_at,descripcion,estado,estado_item,id,pedido_id,producto_id,referencia_id,referencia_tipo,tenant_id,tipo","14"
"pedido_aprobaciones","aprobado_en,aprobado_por,created_at,decision,id,motivos,pedido_id,tenant_id","8"
"pedido_despachos","","0"
"pedido_backorders","cantidad_pendiente,detalle_id,estado,id,observaciones,pedido_id,prioridad,proxima_fecha_compromiso,tenant_id,ultimo_compromiso_en,updated_at","11"
"productos","activo,categoria,codigo,costo,created_at,estado,id,nombre,pais,precio,precio_compra,precio_venta,producto_id,ruc,sku,stock,stock_actual,stock_minimo,stock_reservado,tenant_id,tipo,unidad_medida","22"
"movimientos_inventario","activo,cantidad,created_at,created_by,id,Motivo,nombre,notas,pais,pedido_id,producto_id,referencia_id,referencia_tipo,ruc,stock_actual,stock_reservado,tenant_id,tipo","18"
"stock_movimientos","activo,cantidad,created_at,id,motivo,producto_id,referencia,TENANT,tenant_id,tipo_movimiento,usuario_id","11"
"almacenes","activo,codigo,created_at,es_principal,id,nombre,pais,precio,ruc,stock_actual,stock_reservado,tenant_id,unidad_medida","13"
"producto_existencias","almacen_id,id,producto_id,stock_actual,stock_danado,stock_reservado,tenant_id","7"
"proveedores","activo,condiciones_pago,dias_credito,direccion,email,estado,id,limite_credito,nombre,numero_documento,orden_id,pais,proveedor_id,razon_social,ruc,telefono,tenant_id,updated_at","18"
"cotizaciones_compra","cotizacion_id,created_by,estado,fecha_cotizacion,fecha_vencimiento,id,numero,observaciones,orden_compra_id,proveedor_id,tenant_id,updated_at,validez_dias","13"
"cotizacion_compra_detalles","cotizacion_id,id,numero,orden_compra_id,tenant_id,updated_at","6"
"ordenes_compra","activo,created_at,estado,Fecha,fecha_entrega,fecha_orden,fecha_requerida,id,igv,moneda,nombre,numero,numero_orden,observaciones,orden_id,pais,proveedor_id,ruc,subtotal,tenant_id,total,updated_at,usuario_id","23"
"orden_compra_detalles","cantidad,cantidad_recibida,descripcion,fecha,fecha_recepcion,id,moneda,numero,orden_id,precio_unitario,producto_id,recepcion_id,subtotal,tenant_id,updated_at","15"
"recepciones","activo,cerrado_at,cerrado_por,created_at,created_by,estado,fecha_recepcion,id,nombre,numero,observaciones,orden_id,pais,ruc,tenant_id,updated_at","16"
"recepcion_items","almacen_id,calidad,cantidad_recibida,detalle_id,id,producto_id,recepcion_id","7"
"devoluciones_proveedor","created_at,created_by,estado,fecha_devolucion,id,motivo,numero,orden_id,proveedor_id,recepcion_id,tenant_id","11"
"devolucion_items","","0"
"cuentas_por_cobrar","activo,anticipo_total,cliente_id,created_at,detraccion_total,dias_mora,documento_id,estado,fecha_emision,fecha_pago,fecha_vencimiento,id,idempotency_key,moneda,monto_pendiente,monto_total,Motivo,nombre,numero,observaciones,pais,pedido_id,percepcion_total,retencion_total,REVERTIDA,ruc,saldo,saldo_pendiente,serie,tenant_id,updated_at","31"
"cxc_pagos","cuenta_id,id,idempotency_key,referencia,saldo,tenant_id,updated_at","7"
"cuentas_por_pagar","ANULADA,anulado_at,anulado_by,created_at,estado,fecha_emision,fecha_vencimiento,id,igv,moneda,numero,numero_documento,observaciones,proveedor_id,referencia_id,referencia_tipo,saldo,saldo_pendiente,subtotal,tenant_id,total,ultimo_pago,updated_at","23"
"cuentas_bancarias","activa,activo,banco,created_at,cuenta_bancaria_id,id,moneda,nombre,numero_cuenta,pais,permite_sobregiro,ruc,saldo,saldo_actual,saldo_contable,tenant_id,tipo_cuenta,updated_at","18"
"movimientos_bancarios","activo,conciliacion_id,conciliado,created_at,cuenta_bancaria_id,cuenta_id,cxp_id,descripcion,diferencia,diferencia_conciliacion,es_extracto,estado,fecha,id,match_automatico,match_id,monto,movimiento_relacionado_id,nombre,pais,razon_social,referencia,ruc,saldo,saldo_banco,tenant_id,tipo,updated_at","28"
"conciliaciones_bancarias","banco,cerrado_at,cerrado_by,created_at,cuenta_bancaria_id,diferencia,estado,id,moneda,numero_cuenta,observaciones,periodo,saldo_actual,saldo_banco,tenant_id,updated_at","16"
"asientos_contables","asientos_generados,concepto,created_at,created_by,descripcion,estado,fecha,fecha_asientos,HARDENING,id,numero_asiento,origen,referencia,source_event_id,tenant_id,tipo_asiento,total_debe,total_haber,ultimoConceptoFinal,usuario_id","20"
"detalle_asientos","asiento_id,centro_costo_id,codigo,cuenta_id,debe,fecha,haber,id,tenant_id","9"
"plan_cuentas","acepta_movimiento,activo,centro_costo_id,codigo,cuenta_id,estado,id,nivel,nombre,tenant_id,tipo","11"
"documentos","cdr_content,codigo_hash,created_at,documento_id,error_sunat,estado,estado_sunat,fecha_emision,id,motivo_anulacion,numero,serie,tenant_id,tipo_documento,updated_at,xml_content","16"
"documento_detalles","id","1"
"documento_series","activo,correlativo_actual,correlativo_maximo,created_at,id,onConflict,serie,tenant_id,tipo_documento,updated_at","10"
"documento_archivos","","0"
"cpe","activo,cpe_id,created_at,direccion_receptor,documento_id,documento_receptor,error_message,estado,estado_integridad,estado_sunat,fecha_emision,fecha_envio,id,idempotency_key,items,moneda,next_retry_at,nombre,numero,numero_comprobante,pais,pdf_generado_en,razon_social_emisor,razon_social_receptor,retry_count,ruc,ruc_emisor,serie,status,tenant_id,tipo_documento,tipo_documento_receptor,total,total_gravadas,total_igv,total_venta,updated_at,xml_firmado","38"
"gre","created_at,estado,fecha_emision,id,numero,tenant_id","6"
"gre_guias","anio,base_imponible,cliente_nombre,cliente_ruc,correlativo,created_at,error_message,es_automatica,estado,fecha_emision,fecha_traslado,fecha_vencimiento,id,idempotency_key,igv,mes,moneda,motivo_creacion,movimiento_inventario_id,next_retry_at,numero,numero_sunat,peso_total,retry_count,serie,tenant_id,total,updated_at,venta_id","29"
"sire_files","completed_at,correlacion_id,correlacion_tipo,created_at,error_message,estado,fecha_cotizacion,file_path,file_size,filename,id,operacion,periodo,request_summary,response_summary,servicio,status,tenant_id,tipo,total_registros,updated_at","21"
"sesiones_caja","activo,ADMINISTRATIVO,caja_id,cajero_id,cerrado_por,cierre_administrativo,codigo,congelada,created_at,diferencia,dispositivo,estado,fecha_apertura,fecha_cierre,hash_integridad,hora_apertura,hora_cierre,id,monto_contado,monto_esperado,monto_inicial,monto_inicio,nombre,notas,notas_cierre,pais,razon_cierre_administrativo,ruc,sesion_caja_id,tenant_id,total_efectivo,total_tarjeta,usuario_cierre,usuario_id","34"
"ventas_pos","activo,cliente_documento,cliente_nombre,cpe_data,cpe_id,cpe_pendiente,created_at,error_facturacion,estado,fecha,fecha_orden,id,impuestos,intentos_facturacion,metodo_pago,nombre,numero_ticket,numero_venta,pais,ruc,sesion_caja_id,stock,subtotal,tenant_id,total,ultimo_intento_facturacion","26"
"detalle_ventas_pos","id,producto_id,tenant_id,venta_id","4"
"ventas_pos_pagos","metodo_pago_codigo,metodo_pago_tipo,monto,tenant_id","4"
"movimientos_caja","id,monto,referencia_documento,referencia_tipo,secuencia,sesion_caja_id,tenant_id,tipo_movimiento","8"
"retiros_caja","banco_destino,created_at,estado_conciliacion,fecha_conciliacion,foto_comprobante,id,monto,motivo,motivo_detalle,nRECHAZADO,numero_operacion,sesion_caja_id,tenant_id,updated_at","14"
"cambios_turno","congelada,diferencia,estado,estado_conciliacion,firma_digital_entrante,firma_digital_saliente,foto_arqueo,id,saldo_contado,sesion_caja_id,tenant_id,timestamp_fin,timestamp_inicio","13"
"autorizaciones_caja","created_at,estado,supervisor_id,tenant_id,tipo_autorizacion","5"
"empleados","activo,apellidos,created_at,email,empleado_id,estado,fecha,fecha_ingreso,fecha_nacimiento,id,id_departamento,id_empleado,nombre,nombres,numero_documento,pais,puesto,ruc,telefono,tenant_id,tipo_documento","21"
"planillas","asientos_generados,estado,estado_pago,fecha_asientos,fecha_pago,id,metodo_pago,periodo,tenant_id,total_aportes,total_descuentos,total_ingresos,total_neto,total_pagado","14"
"empleado_planilla","dias_trabajados,estado_pago,fecha_pago,id,id_empleado,id_planilla,metodo_pago,neto_pagar,numero_operacion,observaciones_pago,total_aportes,total_descuentos,total_ingresos","13"
"empleado_planilla_conceptos","id_concepto,id_empleado_planilla,monto,observaciones","4"
"conceptos_planilla","activo,codigo,tenant_id","3"
"pagos_empleados","descuentos,empleado_id,estado,fecha_pago,metodo_pago,monto_neto,periodo,planilla_id,sueldo_bruto,usuario_id","10"
