"file","module","object_type","object_name"
"001_crear_tablas_ventas.sql","ventas","table","pedidos_venta"
"001_crear_tablas_ventas.sql","ventas","table","pedidos_venta_detalle"
"004_movimientos_inventario_ventas.sql","ventas,inventario","table","movimientos_inventario"
"004_movimientos_inventario_ventas.sql","ventas,inventario","policy","movimientos are immutable on movimientos_inventario"
"004_movimientos_inventario_ventas.sql","ventas,inventario","policy","movimientos cannot be deleted on movimientos_inventario"
"006_funciones_stock.sql","inventario","function","stock_disponible"
"006_funciones_stock.sql","inventario","function","verificar_stock_disponible"
"006_funciones_stock.sql","inventario","function","obtener_stock_info"
"006_funciones_stock.sql","inventario","function","actualizar_stock_reservado"
"006_funciones_stock.sql","inventario","function","descontar_stock"
"008_crear_tabla_integration_logs.sql","core","table","integration_logs"
"008_crear_tabla_integration_logs.sql","core","policy","integration_logs_tenant_isolation on integration_logs"
"008_crear_tabla_integration_logs.sql","core","policy","integration_logs_insert_policy on integration_logs"
"009_multi_tenant_context_stock.sql","inventario,seguridad","function","app.current_tenant_id"
"009_multi_tenant_context_stock.sql","inventario,seguridad","function","app.current_user_id"
"009_multi_tenant_context_stock.sql","inventario,seguridad","function","app.current_tenant_id_safe"
"009_multi_tenant_context_stock.sql","inventario,seguridad","function","app.has_tenant_context"
"009_multi_tenant_context_stock.sql","inventario,seguridad","function","app.is_superadmin"
"009_multi_tenant_context_stock.sql","inventario,seguridad","function","app.log_no_tenant_access"
"009_multi_tenant_context_stock.sql","inventario,seguridad","function","incrementar_stock_reservado"
"009_multi_tenant_context_stock.sql","inventario,seguridad","function","decrementar_stock_reservado"
"009_multi_tenant_context_stock.sql","inventario,seguridad","function","descontar_stock_y_liberar_reserva"
"009_multi_tenant_context_stock.sql","inventario,seguridad","function","get_current_tenant_id"
"009_multi_tenant_context_stock.sql","inventario,seguridad","function","get_current_user_id"
"010_aprobaciones_cxc.sql","ventas","table","pedido_aprobaciones"
"010_aprobaciones_cxc.sql","ventas","table","cuentas_por_cobrar"
"010_aprobaciones_cxc.sql","ventas","table","logistica_eventos"
"010_aprobaciones_cxc.sql","ventas","policy","pedido_aprobaciones_rls on pedido_aprobaciones"
"010_aprobaciones_cxc.sql","ventas","policy","cuentas_por_cobrar_rls on cuentas_por_cobrar"
"010_aprobaciones_cxc.sql","ventas","policy","logistica_eventos_rls on logistica_eventos"
"011_cxc_retenciones_anticipos.sql","ventas,fiscal","table","cxc_pagos"
"011_cxc_retenciones_anticipos.sql","ventas,fiscal","policy","cxc_pagos_rls on cxc_pagos"
"012_parciales_backorder.sql","core","table","pedido_despachos"
"012_parciales_backorder.sql","core","table","pedido_backorders"
"012_parciales_backorder.sql","core","function","incrementar_stock_reservado"
"012_parciales_backorder.sql","core","function","decrementar_stock_reservado"
"012_parciales_backorder.sql","core","function","descontar_stock_y_liberar_reserva"
"012_parciales_backorder.sql","core","policy","pedido_despachos_rls on pedido_despachos"
"012_parciales_backorder.sql","core","policy","pedido_backorders_rls on pedido_backorders"
"014_pedido_gres.sql","ventas,fiscal","table","pedido_gres"
"014_pedido_gres.sql","ventas,fiscal","policy","pedido_gres_rls on pedido_gres"
"016_p3_rma_multialmacen_dashboards.sql","inventario","table","almacenes"
"016_p3_rma_multialmacen_dashboards.sql","inventario","table","almacen_ubicaciones"
"016_p3_rma_multialmacen_dashboards.sql","inventario","table","producto_existencias"
"016_p3_rma_multialmacen_dashboards.sql","inventario","table","rma_solicitudes"
"016_p3_rma_multialmacen_dashboards.sql","inventario","table","rma_items"
"016_p3_rma_multialmacen_dashboards.sql","inventario","table","rma_eventos"
"016_p3_rma_multialmacen_dashboards.sql","inventario","view","v_otif_multialmacen"
"016_p3_rma_multialmacen_dashboards.sql","inventario","view","v_kpis_sunat_multitenant"
"016_p3_rma_multialmacen_dashboards.sql","inventario","function","registrar_movimiento_almacen"
"016_p3_rma_multialmacen_dashboards.sql","inventario","function","rma_retorno_inventario"
"016_p3_rma_multialmacen_dashboards.sql","inventario","policy","almacenes_select_rls on almacenes"
"016_p3_rma_multialmacen_dashboards.sql","inventario","policy","almacenes_insert_rls on almacenes"
"016_p3_rma_multialmacen_dashboards.sql","inventario","policy","almacenes_update_rls on almacenes"
"016_p3_rma_multialmacen_dashboards.sql","inventario","policy","almacenes_delete_rls on almacenes"
"016_p3_rma_multialmacen_dashboards.sql","inventario","policy","ubicaciones_select_rls on almacen_ubicaciones"
"016_p3_rma_multialmacen_dashboards.sql","inventario","policy","ubicaciones_insert_rls on almacen_ubicaciones"
"016_p3_rma_multialmacen_dashboards.sql","inventario","policy","ubicaciones_update_rls on almacen_ubicaciones"
"016_p3_rma_multialmacen_dashboards.sql","inventario","policy","ubicaciones_delete_rls on almacen_ubicaciones"
"016_p3_rma_multialmacen_dashboards.sql","inventario","policy","existencias_select_rls on producto_existencias"
"016_p3_rma_multialmacen_dashboards.sql","inventario","policy","existencias_insert_rls on producto_existencias"
"016_p3_rma_multialmacen_dashboards.sql","inventario","policy","existencias_update_rls on producto_existencias"
"016_p3_rma_multialmacen_dashboards.sql","inventario","policy","existencias_delete_rls on producto_existencias"
"016_p3_rma_multialmacen_dashboards.sql","inventario","policy","rma_select_rls on rma_solicitudes"
"016_p3_rma_multialmacen_dashboards.sql","inventario","policy","rma_insert_rls on rma_solicitudes"
"016_p3_rma_multialmacen_dashboards.sql","inventario","policy","rma_update_rls on rma_solicitudes"
"016_p3_rma_multialmacen_dashboards.sql","inventario","policy","rma_items_select_rls on rma_items"
"016_p3_rma_multialmacen_dashboards.sql","inventario","policy","rma_items_insert_rls on rma_items"
"016_p3_rma_multialmacen_dashboards.sql","inventario","policy","rma_items_update_rls on rma_items"
"016_p3_rma_multialmacen_dashboards.sql","inventario","policy","rma_eventos_select_rls on rma_eventos"
"016_p3_rma_multialmacen_dashboards.sql","inventario","policy","rma_eventos_insert_rls on rma_eventos"
"017_fix_rls_superadmin_access.sql","seguridad","policy","clientes_tenant_isolation on clientes"
"017_fix_rls_superadmin_access.sql","seguridad","policy","productos_tenant_isolation on productos"
"017_fix_rls_superadmin_access.sql","seguridad","policy","cotizaciones_tenant_isolation on cotizaciones"
"017_fix_rls_superadmin_access.sql","seguridad","policy","cotizacion_detalles_tenant_isolation on cotizacion_detalles"
"017_fix_rls_superadmin_access.sql","seguridad","policy","pedidos_venta_tenant_isolation on pedidos_venta"
"017_fix_rls_superadmin_access.sql","seguridad","policy","pedidos_venta_detalle_tenant_isolation on pedidos_venta_detalle"
"017_fix_rls_superadmin_access.sql","seguridad","policy","documentos_tenant_isolation on documentos"
"017_fix_rls_superadmin_access.sql","seguridad","policy","documento_detalles_tenant_isolation on documento_detalles"
"017_fix_rls_superadmin_access.sql","seguridad","policy","documento_archivos_tenant_isolation on documento_archivos"
"017_fix_rls_superadmin_access.sql","seguridad","policy","documento_auditoria_tenant_isolation on documento_auditoria"
"017_fix_rls_superadmin_access.sql","seguridad","policy","documento_series_tenant_isolation on documento_series"
"017_fix_rls_superadmin_access.sql","seguridad","policy","empresa_config_tenant_isolation on empresa_config"
"017_fix_rls_superadmin_access.sql","seguridad","policy","proveedores_tenant_isolation on proveedores"
"017_fix_rls_superadmin_access.sql","seguridad","policy","ordenes_compra_tenant_isolation on ordenes_compra"
"017_fix_rls_superadmin_access.sql","seguridad","policy","orden_compra_detalles_tenant_isolation on orden_compra_detalles"
"017_fix_rls_superadmin_access.sql","seguridad","policy","empleados_tenant_isolation on empleados"
"017_fix_rls_superadmin_access.sql","seguridad","policy","movimientos_inventario_select on movimientos_inventario"
"017_fix_rls_superadmin_access.sql","seguridad","policy","movimientos_inventario_insert on movimientos_inventario"
"017_fix_rls_superadmin_access.sql","seguridad","policy","ventas_tenant_isolation on ventas"
"017_fix_rls_superadmin_access.sql","seguridad","policy","venta_detalles_tenant_isolation on venta_detalles"
"017_fix_rls_superadmin_access.sql","seguridad","policy","ventas_pos_tenant_isolation on ventas_pos"
"017_fix_rls_superadmin_access.sql","seguridad","policy","detalle_ventas_pos_tenant_isolation on detalle_ventas_pos"
"017_fix_rls_superadmin_access.sql","seguridad","policy","audit_log_tenant_isolation on audit_log"
"020_finanzas_completo.sql","finanzas","table","cuentas_bancarias"
"020_finanzas_completo.sql","finanzas","table","movimientos_bancarios"
"020_finanzas_completo.sql","finanzas","policy","cuentas_bancarias_tenant_isolation on cuentas_bancarias"
"020_finanzas_completo.sql","finanzas","policy","movimientos_bancarios_tenant_isolation on movimientos_bancarios"
"020_finanzas_completo.sql","finanzas","policy","cuentas_por_pagar_tenant_isolation on cuentas_por_pagar"
"021_pago_lote_transaction.sql","core","function","procesar_pago_lote"
"025_fix_rls_all_tables.sql","seguridad","view","v_rls_status_contabilidad"
"025_fix_rls_all_tables.sql","seguridad","view","v_rls_status_rrhh_maestras"
"025_fix_rls_all_tables.sql","seguridad","view","v_rls_status_rrhh_transaccionales"
"025_fix_rls_all_tables.sql","seguridad","view","v_rls_status_all_tables"
"025_fix_rls_all_tables.sql","seguridad","view","v_rls_summary_by_module"
"025_fix_rls_all_tables.sql","seguridad","function","add_tenant_id_if_missing"
"025_fix_rls_all_tables.sql","seguridad","function","enable_rls_tenant_isolation"
"026_rls_empleado_relaciones.sql","rrhh,seguridad","view","v_rls_status_empleado_relaciones"
"030_add_tenant_id_finanzas.sql","finanzas,seguridad","view","v_tenant_id_status_finanzas"
"031_create_indices_finanzas.sql","finanzas","view","v_indices_tenant_finanzas"
"031_create_indices_finanzas.sql","finanzas","view","v_performance_indices_finanzas"
"032_enable_rls_finanzas.sql","finanzas,seguridad","view","v_rls_status_finanzas"
"032_enable_rls_finanzas.sql","finanzas,seguridad","view","v_rls_policies_finanzas"
"033_audit_rls_violations.sql","seguridad","table","rls_audit_log"
"033_audit_rls_violations.sql","seguridad","view","v_rls_violations_by_table"
"033_audit_rls_violations.sql","seguridad","view","v_rls_violations_recent"
"033_audit_rls_violations.sql","seguridad","view","v_rls_violations_by_user"
"033_audit_rls_violations.sql","seguridad","view","v_rls_violations_hourly"
"033_audit_rls_violations.sql","seguridad","function","log_rls_violation"
"033_audit_rls_violations.sql","seguridad","function","audit_rls_access"
"033_audit_rls_violations.sql","seguridad","function","add_rls_audit_trigger"
"033_audit_rls_violations.sql","seguridad","function","cleanup_old_rls_audit_logs"
"033_audit_rls_violations.sql","seguridad","function","generate_rls_security_report"
"034_configure_rls_alerts.sql","seguridad","table","rls_alert_config"
"034_configure_rls_alerts.sql","seguridad","table","rls_alert_history"
"034_configure_rls_alerts.sql","seguridad","view","v_rls_alerts_recent"
"034_configure_rls_alerts.sql","seguridad","view","v_rls_alerts_unacknowledged"
"034_configure_rls_alerts.sql","seguridad","view","v_rls_alerts_summary"
"034_configure_rls_alerts.sql","seguridad","function","send_rls_alert"
"034_configure_rls_alerts.sql","seguridad","function","trigger_rls_alert"
"034_configure_rls_alerts.sql","seguridad","function","acknowledge_rls_alert"
"034_configure_rls_alerts.sql","seguridad","function","enable_rls_alert"
"034_configure_rls_alerts.sql","seguridad","function","disable_rls_alert"
"034_configure_rls_alerts.sql","seguridad","function","get_alert_statistics"
"034_configure_rls_alerts.sql","seguridad","function","cleanup_old_rls_alerts"
"035_compras_completo.sql","compras","table","cotizaciones_compra"
"035_compras_completo.sql","compras","table","cotizacion_compra_detalles"
"035_compras_completo.sql","compras","table","oc_aprobaciones"
"035_compras_completo.sql","compras","table","recepciones"
"035_compras_completo.sql","compras","table","recepcion_items"
"035_compras_completo.sql","compras","table","devoluciones_proveedor"
"035_compras_completo.sql","compras","table","devolucion_items"
"035_compras_completo.sql","compras","view","vw_ordenes_compra_abiertas"
"035_compras_completo.sql","compras","view","vw_recepciones_detalle"
"035_compras_completo.sql","compras","view","vw_devoluciones_detalle"
"035_compras_completo.sql","compras","function","calcular_totales_cotizacion_compra"
"035_compras_completo.sql","compras","function","validar_vigencia_cotizacion_compra"
"035_compras_completo.sql","compras","function","calcular_cantidad_pendiente_oc"
"035_compras_completo.sql","compras","function","calcular_totales_orden_compra"
"035_compras_completo.sql","compras","function","calcular_totales_devolucion_proveedor"
"035_compras_completo.sql","compras","policy","cotizaciones_compra_tenant_isolation on cotizaciones_compra"
"035_compras_completo.sql","compras","policy","cotizacion_compra_detalles_tenant_isolation on cotizacion_compra_detalles"
"035_compras_completo.sql","compras","policy","ordenes_compra_tenant_isolation on ordenes_compra"
"035_compras_completo.sql","compras","policy","orden_compra_detalles_tenant_isolation on orden_compra_detalles"
"035_compras_completo.sql","compras","policy","oc_aprobaciones_tenant_isolation on oc_aprobaciones"
"035_compras_completo.sql","compras","policy","recepciones_tenant_isolation on recepciones"
"035_compras_completo.sql","compras","policy","recepcion_items_tenant_isolation on recepcion_items"
"035_compras_completo.sql","compras","policy","devoluciones_proveedor_tenant_isolation on devoluciones_proveedor"
"035_compras_completo.sql","compras","policy","devolucion_items_tenant_isolation on devolucion_items"
"037_add_idempotency_pago_lote.sql","core","table","pagos_lote"
"037_add_idempotency_pago_lote.sql","core","function","procesar_pago_lote"
"037_add_idempotency_pago_lote.sql","core","policy","pagos_lote_tenant_isolation on pagos_lote"
"038b_create_conciliaciones_bancarias.sql","finanzas","table","conciliaciones_bancarias"
"038b_create_conciliaciones_bancarias.sql","finanzas","function","update_conciliaciones_bancarias_updated_at"
"038b_create_conciliaciones_bancarias.sql","finanzas","policy","conciliaciones_bancarias_tenant_isolation on conciliaciones_bancarias"
"039_conciliaciones_bancarias.sql","finanzas","policy","conciliaciones_bancarias_tenant_isolation on conciliaciones_bancarias"
"046_create_presupuestos_table.sql","contabilidad","table","presupuestos"
"046_create_presupuestos_table.sql","contabilidad","function","update_presupuestos_updated_at"
"046_create_presupuestos_table.sql","contabilidad","policy","presupuestos_tenant_isolation on presupuestos"
"047_create_plantillas_asientos_table.sql","contabilidad","table","plantillas_asientos"
"047_create_plantillas_asientos_table.sql","contabilidad","table","plantillas_asientos_detalle"
"047_create_plantillas_asientos_table.sql","contabilidad","table","plantillas_asientos_historial"
"047_create_plantillas_asientos_table.sql","contabilidad","function","update_plantillas_asientos_updated_at"
"047_create_plantillas_asientos_table.sql","contabilidad","function","calcular_proxima_generacion"
"047_create_plantillas_asientos_table.sql","contabilidad","function","validar_balance_plantilla"
"047_create_plantillas_asientos_table.sql","contabilidad","policy","plantillas_asientos_tenant_isolation on plantillas_asientos"
"047_create_plantillas_asientos_table.sql","contabilidad","policy","plantillas_detalle_tenant_isolation on plantillas_asientos_detalle"
"047_create_plantillas_asientos_table.sql","contabilidad","policy","plantillas_historial_tenant_isolation on plantillas_asientos_historial"
"048_create_materialized_views_estados_financieros.sql","core","materialized_view","mv_balance_comprobacion"
"048_create_materialized_views_estados_financieros.sql","core","materialized_view","mv_estado_resultados"
"048_create_materialized_views_estados_financieros.sql","core","materialized_view","mv_balance_general"
"048_create_materialized_views_estados_financieros.sql","core","function","refrescar_estados_financieros"
"048_create_materialized_views_estados_financieros.sql","core","function","trigger_refresh_estados_financieros"
"049_add_tenant_id_to_asientos_contables.sql","contabilidad,seguridad","policy","asientos_contables_tenant_isolation on asientos_contables"
"050_add_calcular_resultado_ejercicio_function.sql","core","function","calcular_resultado_ejercicio"
"053_db_rls_fiscal_and_audit.sql","fiscal,seguridad","policy","cpe_tenant_isolation on cpe"
"053_db_rls_fiscal_and_audit.sql","fiscal,seguridad","policy","gre_tenant_isolation on gre"
"053_db_rls_fiscal_and_audit.sql","fiscal,seguridad","policy","sire_files_tenant_isolation on sire_files"
"053_db_rls_fiscal_and_audit.sql","fiscal,seguridad","policy","auditoria_tenant_isolation on auditoria"
"053_db_rls_fiscal_and_audit.sql","fiscal,seguridad","policy","rls_alert_config_superadmin_all on rls_alert_config"
"053_db_rls_fiscal_and_audit.sql","fiscal,seguridad","policy","rls_alert_config_tenant_read on rls_alert_config"
"053_db_rls_fiscal_and_audit.sql","fiscal,seguridad","policy","rls_alert_history_superadmin_all on rls_alert_history"
"053_db_rls_fiscal_and_audit.sql","fiscal,seguridad","policy","rls_alert_history_system_insert on rls_alert_history"
"053_db_rls_fiscal_and_audit.sql","fiscal,seguridad","policy","rls_alert_history_tenant_read on rls_alert_history"
"054_add_login_attempts.sql","core","table","auth_login_attempts"
"054_add_login_attempts.sql","core","policy","auth_login_attempts_tenant_isolation on auth_login_attempts"
"054_add_login_attempts.sql","core","policy","auth_login_attempts_insert on auth_login_attempts"
"055_fix_rls_alert_tenant_id.sql","seguridad","function","send_rls_alert"
"055_fix_rls_alert_tenant_id.sql","seguridad","function","trigger_rls_alert"
"056_atomic_stock_reservation.sql","inventario","function","reservar_stock_atomico"
"056_fix_rls_context_and_auth_policies.sql","seguridad","function","app.set_tenant_context"
"056_fix_rls_context_and_auth_policies.sql","seguridad","function","app.is_superadmin"
"056_fix_rls_context_and_auth_policies.sql","seguridad","policy","usuarios_sistema_allow_login_select on public.usuarios_sistema"
"056_fix_rls_context_and_auth_policies.sql","seguridad","policy","usuarios_sistema_authenticated_write on public.usuarios_sistema"
"056_fix_rls_context_and_auth_policies.sql","seguridad","policy","user_roles_allow_login_select on public.user_roles"
"056_fix_rls_context_and_auth_policies.sql","seguridad","policy","user_roles_authenticated_write on public.user_roles"
"056_fix_rls_context_and_auth_policies.sql","seguridad","policy","roles_allow_login_select on public.roles"
"056_fix_rls_context_and_auth_policies.sql","seguridad","policy","roles_authenticated_write on public.roles"
"056_fix_rls_context_and_auth_policies.sql","seguridad","policy","empresa_config_tenant_isolation on public.empresa_config"
"057_payment_idempotency_locking.sql","core","function","procesar_pago_cxc_atomico"
"057_payment_idempotency_locking.sql","core","function","procesar_pago_cxp_atomico"
"058_db_audit_triggers_core.sql","seguridad","function","audit_table_changes"
"059_create_outbox_events.sql","core","function","update_outbox_events_updated_at"
"059_create_outbox_events.sql","core","function","get_pending_outbox_events"
"059_create_outbox_events.sql","core","function","mark_outbox_event_processing"
"059_create_outbox_events.sql","core","function","mark_outbox_event_completed"
"059_create_outbox_events.sql","core","function","mark_outbox_event_failed"
"059_create_outbox_events.sql","core","policy","users can only see outbox events from their tenant on outbox_events"
"059_create_outbox_events.sql","core","policy","users can only insert outbox events for their tenant on outbox_events"
"059_create_outbox_events.sql","core","policy","users can only update outbox events from their tenant on outbox_events"
"062_atomic_stock_entry.sql","inventario","function","registrar_entrada_stock_atomico"
"063_audit_log_rotation.sql","seguridad","table","audit_log_archive"
"063_audit_log_rotation.sql","seguridad","function","rotar_logs_auditoria"
"063_audit_log_rotation.sql","seguridad","function","obtener_estadisticas_logs_auditoria"
"064_add_missing_indices_tenant_created.sql","seguridad","view","v_indices_tenant_created_summary"
"064_add_missing_indices_tenant_created.sql","seguridad","function","create_index_if_not_exists"
"064_add_missing_indices_tenant_created.sql","seguridad","function","table_has_column"
"071__inventario_kardex_valorizado.sql","inventario","view","vw_kardex_valorizado"
"072__inventario_kardex_views.sql","inventario","view","vw_inventario_recepciones"
"072__inventario_kardex_views.sql","inventario","view","vw_inventario_kardex_resumen"
"074__tesoreria_pago_outbox.sql","finanzas","function","procesar_pago_lote"
"076__fix_pos_stock_y_detalle.sql","inventario","view","vista_pos_productos"
"076__fix_pos_stock_y_detalle.sql","inventario","view","vw_ventas_pos_completas"
"076__fix_pos_stock_y_detalle.sql","inventario","function","migrar_detalles_ventas_pos_desde_observaciones"
"076__fix_pos_stock_y_detalle.sql","inventario","function","validar_stock_antes_detalle_venta"
"076__fix_pos_stock_y_detalle.sql","inventario","function","diagnostico_pos"
"076__fix_pos_stock_y_detalle.sql","inventario","policy","stock_movimientos_tenant_isolation on stock_movimientos"
"077__habilitar_rls_users_audit_archive.sql","seguridad","function","diagnostico_seguridad_rls"
"077__habilitar_rls_users_audit_archive.sql","seguridad","policy","users_view_own_profile on users"
"077__habilitar_rls_users_audit_archive.sql","seguridad","policy","users_update_own_profile on users"
"077__habilitar_rls_users_audit_archive.sql","seguridad","policy","users_service_role_all on users"
"077__habilitar_rls_users_audit_archive.sql","seguridad","policy","audit_log_archive_tenant_read on audit_log_archive"
"077__habilitar_rls_users_audit_archive.sql","seguridad","policy","audit_log_archive_service_role_all on audit_log_archive"
"077__habilitar_rls_users_audit_archive.sql","seguridad","policy","audit_log_archive_system_insert on audit_log_archive"
"077__habilitar_rls_users_audit_archive.sql","seguridad","policy","movimientos_inventario_tenant_isolation on movimientos_inventario"
"078__fix_cpe_documentos_integridad.sql","fiscal","view","vw_cpe_documentos_auditoria"
"078__fix_cpe_documentos_integridad.sql","fiscal","function","crear_documento_desde_cpe"
"078__fix_cpe_documentos_integridad.sql","fiscal","function","migrar_cpes_a_documentos"
"078__fix_cpe_documentos_integridad.sql","fiscal","function","trigger_crear_documento_para_cpe"
"078__fix_cpe_documentos_integridad.sql","fiscal","function","diagnostico_cpe_documentos"
"079__seed_catalogos_maestros.sql","core","function","seed_plan_cuentas_tenant"
"079__seed_catalogos_maestros.sql","core","function","trigger_seed_catalogos_nuevo_tenant"
"080__habilitar_rls_audit_log.sql","seguridad","function","cleanup_old_rls_audit_logs"
"080__habilitar_rls_audit_log.sql","seguridad","policy","rls_audit_log_insert_unrestricted on rls_audit_log"
"080__habilitar_rls_audit_log.sql","seguridad","policy","rls_audit_log_select_service_role on rls_audit_log"
"080__habilitar_rls_audit_log.sql","seguridad","policy","rls_audit_log_no_update on rls_audit_log"
"080__habilitar_rls_audit_log.sql","seguridad","policy","rls_audit_log_delete_service_role on rls_audit_log"
"081__metodos_pago_por_tenant.sql","seguridad","function","copiar_metodos_pago_globales_a_tenant"
"081__metodos_pago_por_tenant.sql","seguridad","function","trigger_copiar_metodos_pago_nuevo_tenant"
"081__metodos_pago_por_tenant.sql","seguridad","policy","metodos_pago_select_tenant on metodos_pago"
"081__metodos_pago_por_tenant.sql","seguridad","policy","metodos_pago_insert_tenant on metodos_pago"
"081__metodos_pago_por_tenant.sql","seguridad","policy","metodos_pago_update_tenant on metodos_pago"
"081__metodos_pago_por_tenant.sql","seguridad","policy","metodos_pago_delete_tenant on metodos_pago"
"082__comunicacion_baja_resumen_diario.sql","core","table","comunicaciones_baja"
"082__comunicacion_baja_resumen_diario.sql","core","table","resumenes_diarios"
"082__comunicacion_baja_resumen_diario.sql","core","table","detalle_comunicacion_baja"
"082__comunicacion_baja_resumen_diario.sql","core","table","detalle_resumen_diario"
"082__comunicacion_baja_resumen_diario.sql","core","function","generar_numero_comunicacion_baja"
"082__comunicacion_baja_resumen_diario.sql","core","function","generar_numero_resumen_diario"
"082__comunicacion_baja_resumen_diario.sql","core","policy","comunicaciones_baja_tenant_isolation on comunicaciones_baja"
"082__comunicacion_baja_resumen_diario.sql","core","policy","resumenes_diarios_tenant_isolation on resumenes_diarios"
"086__flujo_ventas_completo.sql","ventas","table","plantillas_asientos_ventas"
"086__flujo_ventas_completo.sql","ventas","function","obtener_siguiente_numero_documento"
"086__flujo_ventas_documentos_completo.sql","ventas","table","plantillas_asientos_ventas"
"086__flujo_ventas_documentos_completo.sql","ventas","function","obtener_siguiente_numero_documento"
"086__flujo_ventas_documentos_completo.sql","ventas","policy","plantillas_asientos_ventas_tenant_isolation on plantillas_asientos_ventas"
"087__fix_rls_permisos_roles.sql","seguridad","policy","permisos_allow_read on public.permisos"
"087__fix_rls_permisos_roles.sql","seguridad","policy","permisos_superadmin_write on public.permisos"
"087__fix_rls_permisos_roles.sql","seguridad","policy","rol_permisos_allow_read on public.rol_permisos"
"087__fix_rls_permisos_roles.sql","seguridad","policy","rol_permisos_superadmin_write on public.rol_permisos"
"088__fix_permisos_rls_simple.sql","seguridad","policy","permisos_service_role_read on public.permisos"
"088__fix_permisos_rls_simple.sql","seguridad","policy","permisos_authenticated_read on public.permisos"
"088__fix_permisos_rls_simple.sql","seguridad","policy","permisos_service_role_write on public.permisos"
"088__fix_permisos_rls_simple.sql","seguridad","policy","rol_permisos_service_role_read on public.rol_permisos"
"088__fix_permisos_rls_simple.sql","seguridad","policy","rol_permisos_authenticated_read on public.rol_permisos"
"088__fix_permisos_rls_simple.sql","seguridad","policy","rol_permisos_service_role_write on public.rol_permisos"
"091__fix_stock_actual_references.sql","inventario","function","reservar_stock_atomico"
"091__fix_stock_actual_references.sql","inventario","function","descontar_stock_y_liberar_reserva"
"093__fix_wizard_rls_and_validation.sql","seguridad","function","validate_wizard_completion"
"093__fix_wizard_rls_and_validation.sql","seguridad","function","check_wizard_completion_validity"
"093__fix_wizard_rls_and_validation.sql","seguridad","policy","users can view their own tenant wizard progress on wizard_progress"
"093__fix_wizard_rls_and_validation.sql","seguridad","policy","users can insert their own tenant wizard progress on wizard_progress"
"093__fix_wizard_rls_and_validation.sql","seguridad","policy","users can update their own tenant wizard progress on wizard_progress"
"093__fix_wizard_rls_and_validation.sql","seguridad","policy","users can delete their own tenant wizard progress on wizard_progress"
"095__enforce_plan_cuentas_tenant_scope.sql","contabilidad,seguridad","policy","plan_cuentas_authenticated_access on plan_cuentas"
"101__fix_crear_documento_desde_cpe.sql","fiscal","function","crear_documento_desde_cpe"
"104__asientos_numero_asiento_text.sql","contabilidad","materialized_view","mv_balance_comprobacion"
"104__asientos_numero_asiento_text.sql","contabilidad","materialized_view","mv_estado_resultados"
"104__asientos_numero_asiento_text.sql","contabilidad","materialized_view","mv_balance_general"
"106__productos_stock_numeric_with_view_rebuild.sql","inventario","view","vista_pos_productos"
"108__fix_vista_pos_productos_prices.sql","core","view","vista_pos_productos"
"109__productos_servicios_cajas.sql","finanzas","table","sucursales"
"109__productos_servicios_cajas.sql","finanzas","table","almacenes"
"109__productos_servicios_cajas.sql","finanzas","table","producto_precios_sucursal"
"109__productos_servicios_cajas.sql","finanzas","table","producto_stock_sucursal"
"109__productos_servicios_cajas.sql","finanzas","table","cajas"
"109__productos_servicios_cajas.sql","finanzas","table","sesiones_caja"
"110__vista_pos_productos_multisucursal.sql","core","view","vista_pos_productos"
"111__pos_tx_outbox.sql","core","table","pos_numeracion"
"111__pos_tx_outbox.sql","core","function","app.pos_registrar_venta_tx"
"112__rls_pos_tables.sql","seguridad","function","public._ensure_rls_if_tenant"
"115__pos_advisory_lock.sql","core","function","app.acquire_pos_lock"
"115__pos_advisory_lock.sql","core","function","app.release_pos_lock"
"117__rls_views.sql","seguridad","view","public.vw_ventas_pos_completas"
"117__rls_views.sql","seguridad","view","public.vista_balance_comprobacion"
"117__rls_views.sql","seguridad","view","public.vista_kardex_valorizado"
"117__rls_views.sql","seguridad","view","public.vw_ordenes_compra_abiertas"
"117__rls_views.sql","seguridad","view","public.vw_recepciones_detalle"
"117__rls_views.sql","seguridad","view","public.vw_devoluciones_detalle"
"117__rls_views.sql","seguridad","view","public.vw_inventario_recepciones"
"117__rls_views.sql","seguridad","view","public.vw_inventario_recepciones_detalle"
"117__rls_views.sql","seguridad","view","public.vw_kardex_valorizado"
"117__rls_views.sql","seguridad","view","public.vw_inventario_kardex_resumen"
"117__rls_views.sql","seguridad","view","public.vista_registro_compras"
"117__rls_views.sql","seguridad","view","public.vw_cpe_documentos_auditoria"
"118_atomic_order_creation.sql","core","function","crear_pedido_completo"
"119__cash_operations_complete.sql","finanzas","table","movimientos_caja"
"119__cash_operations_complete.sql","finanzas","table","retiros_caja"
"119__cash_operations_complete.sql","finanzas","table","cambios_turno"
"119__cash_operations_complete.sql","finanzas","table","configuracion_caja"
"119__cash_operations_complete.sql","finanzas","table","caja_audit_log"
"119__cash_operations_complete.sql","finanzas","view","vw_sesiones_caja_resumen"
"119__cash_operations_complete.sql","finanzas","function","prevent_cash_movement_modification"
"119__cash_operations_complete.sql","finanzas","function","registrar_movimiento_caja"
"119__cash_operations_complete.sql","finanzas","function","validar_integridad_sesion"
"119__cash_operations_complete.sql","finanzas","policy","movimientos_caja_tenant_isolation on movimientos_caja"
"119__cash_operations_complete.sql","finanzas","policy","retiros_caja_tenant_isolation on retiros_caja"
"119__cash_operations_complete.sql","finanzas","policy","cambios_turno_tenant_isolation on cambios_turno"
"119__cash_operations_complete.sql","finanzas","policy","configuracion_caja_tenant_isolation on configuracion_caja"
"119__cash_operations_complete.sql","finanzas","policy","caja_audit_log_tenant_isolation on caja_audit_log"
"119_restore_cpe_table.sql","fiscal","table","cpe"
"119_restore_cpe_table.sql","fiscal","policy","cpe_tenant_isolation on cpe"
"121_configuracion_caja.sql","finanzas","table","configuracion_caja"
"121_configuracion_caja.sql","finanzas","function","obtener_configuracion_efectiva_caja"
"121_configuracion_caja.sql","finanzas","policy","configuracion_caja_tenant_isolation on configuracion_caja"
"122_autorizaciones_caja.sql","finanzas","table","autorizaciones_caja"
"122_autorizaciones_caja.sql","finanzas","view","vista_autorizaciones_caja"
"122_autorizaciones_caja.sql","finanzas","function","generar_firma_autorizacion"
"122_autorizaciones_caja.sql","finanzas","policy","autorizaciones_caja_tenant_isolation on autorizaciones_caja"
"124_shift_analytics.sql","core","view","vw_turnos_metrics"
"124_shift_analytics.sql","core","function","obtener_resumen_turnos"
"124_shift_analytics.sql","core","function","obtener_top_cajeros"
"125_sesiones_caja_forensic_fields.sql","finanzas","function","validar_geolocalizacion"
"126_turnos_analytics.sql","core","view","vw_turnos_metrics"
"126_turnos_analytics.sql","core","view","vw_ranking_cajeros"
"126_turnos_analytics.sql","core","view","vw_sesiones_activas"
"126_turnos_analytics.sql","core","function","obtener_metricas_cajero"
"127_eventos_pos_auditoria.sql","seguridad","table","eventos_pos"
"127_eventos_pos_auditoria.sql","seguridad","view","vw_eventos_pos_sospechosos"
"127_eventos_pos_auditoria.sql","seguridad","function","registrar_evento_pos"
"127_eventos_pos_auditoria.sql","seguridad","function","detectar_patrones_sospechosos_pos"
"127_eventos_pos_auditoria.sql","seguridad","policy","eventos_pos_tenant_isolation on eventos_pos"
"128__lotes_series_fefo.sql","inventario","table","lotes_productos"
"128__lotes_series_fefo.sql","inventario","table","movimientos_lotes"
"128__lotes_series_fefo.sql","inventario","table","config_alertas_vencimiento"
"128__lotes_series_fefo.sql","inventario","view","v_lotes_proximos_vencer"
"128__lotes_series_fefo.sql","inventario","function","obtener_lotes_fefo"
"128__lotes_series_fefo.sql","inventario","function","reservar_stock_lote_fefo"
"128__lotes_series_fefo.sql","inventario","function","confirmar_venta_lotes"
"128__lotes_series_fefo.sql","inventario","function","marcar_lotes_vencidos"
"128__lotes_series_fefo.sql","inventario","policy","tenant_isolation_lotes on lotes_productos"
"128__lotes_series_fefo.sql","inventario","policy","tenant_isolation_mov_lotes on movimientos_lotes"
"128__lotes_series_fefo.sql","inventario","policy","tenant_isolation_config_alertas on config_alertas_vencimiento"
"129__stock_constraints.sql","inventario","function","validar_stock_suficiente"
"129__stock_constraints.sql","inventario","function","trigger_prevenir_stock_negativo"
"130__secret_rotation_state.sql","core","table","secret_rotation_state"
"130__secret_rotation_state.sql","core","table","system_alerts"
"130__secret_rotation_state.sql","core","view","v_secrets_rotation_status"
"130__secret_rotation_state.sql","core","function","cleanup_old_rotation_records"
"131__pii_encryption_support.sql","core","table","pii_encryption_log"
"131__pii_encryption_support.sql","core","function","buscar_por_pii_hash"
"132__adaptive_rate_limiting.sql","core","table","app.rate_limit_baselines"
"132__adaptive_rate_limiting.sql","core","table","app.rate_limit_blocks"
"132__adaptive_rate_limiting.sql","core","table","app.rate_limit_anomalies"
"132__adaptive_rate_limiting.sql","core","table","app.trusted_ips"
"132__adaptive_rate_limiting.sql","core","table","app.request_logs"
"132__adaptive_rate_limiting.sql","core","table","app.rate_limit_configs"
"132__adaptive_rate_limiting.sql","core","view","app.v_rate_limit_status"
"132__adaptive_rate_limiting.sql","core","function","app.calcular_baseline_usuario"
"132__adaptive_rate_limiting.sql","core","function","app.detectar_anomalia_rate_limit"
"132__adaptive_rate_limiting.sql","core","function","app.limpiar_request_logs_antiguos"
"132__adaptive_rate_limiting.sql","core","policy","rate_limit_baselines_tenant_policy on app.rate_limit_baselines"
"132__adaptive_rate_limiting.sql","core","policy","rate_limit_blocks_tenant_policy on app.rate_limit_blocks"
"132__adaptive_rate_limiting.sql","core","policy","rate_limit_anomalies_tenant_policy on app.rate_limit_anomalies"
"132__adaptive_rate_limiting.sql","core","policy","trusted_ips_tenant_policy on app.trusted_ips"
"132__adaptive_rate_limiting.sql","core","policy","rate_limit_configs_tenant_policy on app.rate_limit_configs"
"133__fix_sesiones_caja_columns.sql","finanzas","function","sync_sesiones_caja_columns"
"134__fix_vista_pos_productos.sql","core","view","public.vista_pos_productos"
"136__fix_configuracion_caja.sql","finanzas","function","obtener_configuracion_efectiva_caja"
"138__fix_pos_function_schema.sql","core","function","app.pos_registrar_venta_tx"
"139__fix_pos_function_public_schema.sql","core","function","acquire_pos_lock"
"139__fix_pos_function_public_schema.sql","core","function","release_pos_lock"
"139__fix_pos_function_public_schema.sql","core","function","pos_registrar_venta_tx"
"140__fix_pos_function_ventas_pos.sql","ventas","function","pos_registrar_venta_tx"
"140__fix_stock_trigger.sql","inventario","function","public.trigger_prevenir_stock_negativo"
"142__demo_tenant_support.sql","seguridad","view","vw_demo_dashboard"
"142__demo_tenant_support.sql","seguridad","function","cleanup_expired_demo_tenants"
"142__demo_tenant_support.sql","seguridad","function","is_demo_expired"
"142__demo_tenant_support.sql","seguridad","function","get_demo_days_remaining"
"143__demo_seed_data.sql","core","function","seed_demo_tenant"
"144__demo_create_tenant_rpc.sql","seguridad","function","create_demo_tenant"
"145__demo_conversiones_pendientes.sql","core","table","demo_conversiones_pendientes"
"146__cotizaciones_stock_reserva_transaccional.sql","ventas,inventario","function","reservar_stock_cotizacion"
"146__cotizaciones_stock_reserva_transaccional.sql","ventas,inventario","function","liberar_stock_cotizacion"
"146__cotizaciones_stock_reserva_transaccional.sql","ventas,inventario","function","convertir_cotizacion_a_pedido"
"146__cotizaciones_stock_reserva_transaccional.sql","ventas,inventario","function","trigger_liberar_stock_cotizacion"
"147__seed_roles_permisos_tenant.sql","seguridad","function","seed_permisos_tenant"
"147__seed_roles_permisos_tenant.sql","seguridad","function","seed_roles_tenant"
"147__seed_roles_permisos_tenant.sql","seguridad","function","seed_rol_permisos_tenant"
"147__seed_roles_permisos_tenant.sql","seguridad","function","seed_roles_permisos_tenant"
"147__seed_roles_permisos_tenant.sql","seguridad","function","asignar_rol_admin_usuario"
"147__seed_roles_permisos_tenant.sql","seguridad","function","trigger_seed_roles_permisos_on_tenant_create"
"147__seed_roles_permisos_tenant.sql","seguridad","function","create_demo_tenant"
"148__knowledge_base_help_system.sql","core","table","knowledge_base"
"148__knowledge_base_help_system.sql","core","function","buscar_ayuda"
"148__knowledge_base_help_system.sql","core","function","obtener_sugerencias_ayuda"
"148__knowledge_base_help_system.sql","core","function","update_knowledge_base_timestamp"
"148__knowledge_base_help_system.sql","core","policy","kb_select_policy on knowledge_base"
"148__knowledge_base_help_system.sql","core","policy","kb_insert_policy on knowledge_base"
"148__knowledge_base_help_system.sql","core","policy","kb_update_policy on knowledge_base"
"150__fix_notificaciones_table.sql","core","table","notificaciones"
"150__fix_notificaciones_table.sql","core","policy","notificaciones_select_policy on notificaciones"
"150__fix_notificaciones_table.sql","core","policy","notificaciones_insert_policy on notificaciones"
"150__fix_notificaciones_table.sql","core","policy","notificaciones_update_policy on notificaciones"
"150__fix_notificaciones_table.sql","core","policy","notificaciones_delete_policy on notificaciones"
"151__notificaciones_por_rol.sql","core","table","notificacion_tipo_roles"
"151__notificaciones_por_rol.sql","core","function","get_user_role_ids"
"151__notificaciones_por_rol.sql","core","function","puede_ver_notificacion"
"151__notificaciones_por_rol.sql","core","policy","notificacion_tipo_roles_tenant_policy on notificacion_tipo_roles"
"153__add_security_audit_permission.sql","seguridad","function","seed_permisos_tenant"
"155__add_gre_sire_detail_tables.sql","fiscal","table","public.gre_detalles"
"155__add_gre_sire_detail_tables.sql","fiscal","table","public.pedido_gres"
"155__add_gre_sire_detail_tables.sql","fiscal","table","public.sire_registros_detalle"
"155__add_gre_sire_detail_tables.sql","fiscal","policy","gre_detalles_tenant_isolation on public.gre_detalles"
"155__add_gre_sire_detail_tables.sql","fiscal","policy","pedido_gres_tenant_isolation on public.pedido_gres"
"155__add_gre_sire_detail_tables.sql","fiscal","policy","sire_registros_detalle_tenant_isolation on public.sire_registros_detalle"
"155__add_gre_sire_detail_tables.sql","fiscal","policy","gre_guias_policy on public.gre_guias"
"155__add_gre_sire_detail_tables.sql","fiscal","policy","sire_files_tenant_isolation on public.sire_files"
"158__cortes_caja.sql","finanzas","table","public.cortes_caja"
"158__cortes_caja.sql","finanzas","policy","cortes_caja_tenant_read on public.cortes_caja"
"158__cortes_caja.sql","finanzas","policy","cortes_caja_tenant_write on public.cortes_caja"
"158__cortes_caja.sql","finanzas","policy","cortes_caja_tenant_update on public.cortes_caja"
