"table","first_migration","refs_src","refs_test","modules_src","tier"
"empresa_config","000__bootstrap_core_tables.sql","96","0","compras,configuracion,contabilidad,cpe,finanzas,fiscal,gre,inventario,otros,pos,shared,tenants,ventas,web","P0"
"usuarios_sistema","000__bootstrap_core_tables.sql","62","3","auth,compras,otros,shared,tenants,usuarios,ventas","P0"
"outbox_events","000__bootstrap_core_tables.sql","31","2","contabilidad,cpe,finanzas,inventario,pos,rrhh,shared","P0"
"roles","000__bootstrap_core_tables.sql","23","2","otros,tenants,usuarios","P0"
"user_roles","000__bootstrap_core_tables.sql","13","3","auth,otros,tenants,usuarios","P0"
"rol_permisos","000__bootstrap_core_tables.sql","10","0","otros,tenants,usuarios","P0"
"tenants","000__bootstrap_core_tables.sql","9","113","auth,otros,pos,shared","P0"
"audit_log","000__bootstrap_core_tables.sql","6","0","audit,auth,usuarios","P0"
"permisos","000__bootstrap_core_tables.sql","5","0","otros,tenants","P0"
"wizard_progress","000__bootstrap_core_tables.sql","5","0","configuracion","P0"
"productos","000__bootstrap_core_tables.sql","55","36","inventario,otros,shared,ventas","P1"
"sesiones_caja","109__productos_servicios_cajas.sql","46","12","cajas,pos","P1"
"cpe","0525__restore_cpe_table.sql","45","14","cpe,finanzas,gre,otros,shared,sire,ventas","P1"
"asientos_contables","000__bootstrap_core_tables.sql","35","3","cajas,contabilidad,rrhh,shared","P1"
"cotizaciones","000__bootstrap_core_tables.sql","35","0","otros,shared,ventas","P1"
"pedidos_venta","001_crear_tablas_ventas.sql","35","14","gre,inventario,ventas","P1"
"ordenes_compra","000__bootstrap_core_tables.sql","32","9","compras,inventario,otros,shared","P1"
"detalle_asientos","000__bootstrap_core_tables.sql","30","1","cajas,contabilidad,rrhh,shared","P1"
"cuentas_por_pagar","000__bootstrap_core_tables.sql","29","3","compras,finanzas,shared,sire","P1"
"movimientos_bancarios","020_finanzas_completo.sql","28","1","finanzas","P1"
"clientes","000__bootstrap_core_tables.sql","24","24","finanzas,otros,pos,ventas","P1"
"gre_guias","000__bootstrap_core_tables.sql","22","0","gre,otros","P1"
"documentos","000__bootstrap_core_tables.sql","21","0","cpe,finanzas,otros,ventas","P1"
"ventas_pos","000__bootstrap_core_tables.sql","21","19","cajas,otros,pos,shared","P1"
"integration_logs","008_crear_tabla_integration_logs.sql","20","0","audit,cajas,compras,finanzas,gre,inventario,otros,shared","P1"
"orden_compra_detalles","000__bootstrap_core_tables.sql","20","2","compras,inventario,otros","P1"
"proveedores","000__bootstrap_core_tables.sql","20","17","compras,finanzas,inventario,otros","P1"
"sire_files","000__bootstrap_core_tables.sql","20","0","otros,shared,sire","P1"
"cuentas_bancarias","020_finanzas_completo.sql","19","7","finanzas","P2"
"cuentas_por_cobrar","010_aprobaciones_cxc.sql","19","14","finanzas,otros,pos,shared,ventas","P2"
"paises","000__bootstrap_core_tables.sql","19","0","configuracion,cpe,gre,otros,tenants","P2"
"periodos_contables","000__bootstrap_core_tables.sql","19","0","contabilidad,otros","P2"
"plan_cuentas","000__bootstrap_core_tables.sql","18","0","cajas,contabilidad,rrhh,shared","P2"
"planillas","000__bootstrap_core_tables.sql","15","1","rrhh,shared","P2"
"recepciones","035_compras_completo.sql","15","1","compras,inventario","P2"
"notificaciones","000__bootstrap_core_tables.sql","14","0","otros","P2"
"movimientos_inventario","004_movimientos_inventario_ventas.sql","13","18","compras,inventario,ventas","P2"
"conciliaciones_bancarias","022__create_conciliaciones_bancarias.sql","12","0","finanzas","P2"
"empleados","000__bootstrap_core_tables.sql","12","23","rrhh,shared","P2"
"pedidos_venta_detalle","001_crear_tablas_ventas.sql","12","4","inventario,ventas","P2"
"cambios_turno","119__cash_operations_complete.sql","11","2","cajas","P2"
"retiros_caja","119__cash_operations_complete.sql","11","2","cajas","P2"
"comunicaciones_baja","082__comunicacion_baja_resumen_diario.sql","10","0","cpe","P2"
"presupuestos","046_create_presupuestos_table.sql","10","0","contabilidad","P2"
"caja_audit_log","119__cash_operations_complete.sql","9","0","cajas","P2"
"cotizaciones_compra","035_compras_completo.sql","9","1","compras","P2"
"ventas","000__bootstrap_core_tables.sql","9","0","otros,shared","P2"
"asistencia","000__bootstrap_core_tables.sql","8","4","rrhh","P2"
"centros_costo","000__bootstrap_core_tables.sql","8","0","contabilidad,otros","P2"
"libro_retenciones","000__bootstrap_core_tables.sql","8","0","otros","P2"
"pedido_backorders","012_parciales_backorder.sql","8","0","inventario,ventas","P2"
"configuracion_fiscal","000__bootstrap_core_tables.sql","7","0","configuracion,cpe,otros,shared,web","P2"
"cotizacion_compra_detalles","035_compras_completo.sql","7","0","compras","P2"
"documento_series","000__bootstrap_core_tables.sql","7","0","otros,ventas","P2"
"movimientos_caja","119__cash_operations_complete.sql","7","0","cajas,pos","P2"
"rma_solicitudes","016_p3_rma_multialmacen_dashboards.sql","7","0","ventas","P2"
"stock_movimientos","000__bootstrap_core_tables.sql","7","0","gre,inventario,shared","P2"
"configuracion_caja","119__cash_operations_complete.sql","6","2","cajas","P2"
"contratos","000__bootstrap_core_tables.sql","6","7","rrhh","P2"
"cotizacion_detalles","000__bootstrap_core_tables.sql","6","0","ventas","P2"
"cxc_pagos","011_cxc_retenciones_anticipos.sql","6","0","finanzas","P2"
"devoluciones_proveedor","035_compras_completo.sql","6","0","compras","P2"
"empleado_planilla","000__bootstrap_core_tables.sql","6","0","rrhh","P2"
"oc_aprobaciones","035_compras_completo.sql","6","0","compras","P2"
"solicitudes","000__bootstrap_core_tables.sql","6","3","rrhh","P2"
"almacen_ubicaciones","016_p3_rma_multialmacen_dashboards.sql","5","0","inventario,ventas","P2"
"almacenes","016_p3_rma_multialmacen_dashboards.sql","5","9","inventario","P2"
"cajas","000__bootstrap_core_tables.sql","5","0","cajas","P2"
"producto_precios_sucursal","109__productos_servicios_cajas.sql","5","0","inventario,otros","P2"
"producto_stock_sucursal","109__productos_servicios_cajas.sql","5","0","inventario,otros","P2"
"rls_audit_log","033_audit_rls_violations.sql","5","0","otros","P2"
"evaluaciones","000__bootstrap_core_tables.sql","4","0","rrhh","P2"
"gastos","000__bootstrap_core_tables.sql","4","0","otros,shared","P2"
"recepcion_items","035_compras_completo.sql","4","0","compras,inventario","P2"
"autorizaciones_caja","122_autorizaciones_caja.sql","3","0","cajas","P2"
"candidatos","000__bootstrap_core_tables.sql","3","0","rrhh","P2"
"conceptos_planilla","000__bootstrap_core_tables.sql","3","0","rrhh","P2"
"configuracion_retenciones","000__bootstrap_core_tables.sql","3","0","otros","P2"
"cortes_caja","158__cortes_caja.sql","3","0","cajas","P2"
"demo_conversiones_pendientes","145__demo_conversiones_pendientes.sql","3","0","otros","P2"
"documento_detalles","000__bootstrap_core_tables.sql","3","0","otros,ventas","P2"
"event_processing_log","000__bootstrap_core_tables.sql","3","0","contabilidad","P2"
"gre","000__bootstrap_core_tables.sql","3","0","otros,shared","P2"
"rate_limit_baselines","132__adaptive_rate_limiting.sql","3","0","shared","P2"
"registro_consignaciones","000__bootstrap_core_tables.sql","3","0","shared","P2"
"sire_registros_detalle","155__add_gre_sire_detail_tables.sql","3","0","sire","P2"
"usuario_configuracion","000__bootstrap_core_tables.sql","3","0","otros","P2"
"auth_login_attempts","054_add_login_attempts.sql","2","0","auth","P2"
"departamentos","000__bootstrap_core_tables.sql","2","7","rrhh","P2"
"depreciaciones","000__bootstrap_core_tables.sql","2","0","contabilidad","P2"
"detalle_ventas_pos","000__bootstrap_core_tables.sql","2","1","pos","P2"
"documento_auditoria","000__bootstrap_core_tables.sql","2","0","otros","P2"
"empleado_beneficios","000__bootstrap_core_tables.sql","2","0","rrhh","P2"
"empleado_capacitaciones","000__bootstrap_core_tables.sql","2","0","rrhh","P2"
"empleado_horarios","000__bootstrap_core_tables.sql","2","0","rrhh","P2"
"empleado_planilla_conceptos","000__bootstrap_core_tables.sql","2","0","rrhh","P2"
"expediente_documentos","000__bootstrap_core_tables.sql","2","0","rrhh","P2"
"historial_pagos_planilla","000__bootstrap_core_tables.sql","2","0","rrhh","P2"
"liquidaciones","000__bootstrap_core_tables.sql","2","0","rrhh","P2"
"logistica_eventos","010_aprobaciones_cxc.sql","2","0","inventario","P2"
"metodos_pago","000__bootstrap_core_tables.sql","2","4","pos","P2"
"pedido_aprobaciones","010_aprobaciones_cxc.sql","2","0","ventas","P2"
"pedido_gres","014_pedido_gres.sql","2","0","gre,ventas","P2"
"producto_existencias","016_p3_rma_multialmacen_dashboards.sql","2","7","inventario","P2"
"rate_limit_blocks","132__adaptive_rate_limiting.sql","2","0","shared","P2"
"resumenes_diarios","082__comunicacion_baja_resumen_diario.sql","2","0","cpe","P2"
"rls_alert_history","034_configure_rls_alerts.sql","2","0","otros","P2"
"rma_items","016_p3_rma_multialmacen_dashboards.sql","2","0","ventas","P2"
"secret_rotation_state","130__secret_rotation_state.sql","2","0","shared","P2"
"trusted_ips","132__adaptive_rate_limiting.sql","2","0","shared","P2"
"users","000__bootstrap_core_tables.sql","2","0","cajas","P2"
"vacantes","000__bootstrap_core_tables.sql","2","0","rrhh","P2"
"venta_detalles","000__bootstrap_core_tables.sql","2","0","otros","P2"
"activos_fijos","000__bootstrap_core_tables.sql","1","0","shared","P2"
"beneficios","000__bootstrap_core_tables.sql","1","0","rrhh","P2"
"capacitaciones","000__bootstrap_core_tables.sql","1","0","rrhh","P2"
"detalle_comunicacion_baja","082__comunicacion_baja_resumen_diario.sql","1","0","cpe","P2"
"detalle_resumen_diario","082__comunicacion_baja_resumen_diario.sql","1","0","cpe","P2"
"devolucion_items","035_compras_completo.sql","1","0","compras","P2"
"gre_detalles","155__add_gre_sire_detail_tables.sql","1","0","gre","P2"
"horarios_trabajo","000__bootstrap_core_tables.sql","1","0","rrhh","P2"
"pagos_empleados","000__bootstrap_core_tables.sql","1","0","rrhh","P2"
"pedido_despachos","012_parciales_backorder.sql","1","0","inventario","P2"
"plantillas_asientos_ventas","086__flujo_ventas_completo.sql","1","0","contabilidad","P2"
"rate_limit_anomalies","132__adaptive_rate_limiting.sql","1","0","shared","P2"
"request_logs","132__adaptive_rate_limiting.sql","1","0","shared","P2"
"rma_eventos","016_p3_rma_multialmacen_dashboards.sql","1","0","ventas","P2"
"system_alerts","130__secret_rotation_state.sql","1","0","shared","P2"
"ventas_pos_pagos","169__pos_pagos_mixtos.sql","1","0","cajas","P2"
"asignacion_costos","000__bootstrap_core_tables.sql","0","0","","P3"
"audit_log_archive","063_audit_log_rotation.sql","0","0","","P3"
"auditoria","000__bootstrap_core_tables.sql","0","0","","P3"
"calendario_empresa","000__bootstrap_core_tables.sql","0","0","","P3"
"cobranzas","000__bootstrap_core_tables.sql","0","0","","P3"
"config_alertas_vencimiento","128__lotes_series_fefo.sql","0","0","","P3"
"detalle_retenciones_categoria","000__bootstrap_core_tables.sql","0","0","","P3"
"documento_archivos","000__bootstrap_core_tables.sql","0","0","","P3"
"egresos","000__bootstrap_core_tables.sql","0","0","","P3"
"eventos_pos","127_eventos_pos_auditoria.sql","0","0","","P3"
"gestiones_cobranza","000__bootstrap_core_tables.sql","0","0","","P3"
"inventarios_permanentes","000__bootstrap_core_tables.sql","0","0","","P3"
"knowledge_base","148__knowledge_base_help_system.sql","0","0","","P3"
"libros_electronicos_sunat","000__bootstrap_core_tables.sql","0","0","","P3"
"lotes_productos","128__lotes_series_fefo.sql","0","0","","P3"
"movimientos_consignacion","000__bootstrap_core_tables.sql","0","0","","P3"
"movimientos_lotes","128__lotes_series_fefo.sql","0","0","","P3"
"notificacion_tipo_roles","151__notificaciones_por_rol.sql","0","0","","P3"
"pagos_facturas","000__bootstrap_core_tables.sql","0","0","","P3"
"pagos_lote","037_add_idempotency_pago_lote.sql","0","0","","P3"
"pii_encryption_log","131__pii_encryption_support.sql","0","0","","P3"
"plantillas_asientos","047_create_plantillas_asientos_table.sql","0","0","","P3"
"plantillas_asientos_detalle","047_create_plantillas_asientos_table.sql","0","0","","P3"
"plantillas_asientos_historial","047_create_plantillas_asientos_table.sql","0","0","","P3"
"pos_numeracion","111__pos_tx_outbox.sql","0","0","","P3"
"rate_limit_configs","132__adaptive_rate_limiting.sql","0","0","","P3"
"rls_alert_config","034_configure_rls_alerts.sql","0","0","","P3"
"saldos_iniciales_cuentas","000__bootstrap_core_tables.sql","0","0","","P3"
"sucursales","109__productos_servicios_cajas.sql","0","0","","P3"
"usuarios_sistemas","000__bootstrap_core_tables.sql","0","0","","P3"
"validaciones_sunat","000__bootstrap_core_tables.sql","0","0","","P3"
